genre,number_of_movies
Drama,843
Comedy,521
Horror,178
Comedy|Drama,161
Comedy|Romance,142
Drama|Romance,134
Documentary,116
Thriller,101
Action,65
Drama|Thriller,61
Action|Thriller,48
Children's|Comedy,47
Crime|Drama,44
Drama|War,42
Romance,40
Action|Drama,38
Animation|Children's,35
Comedy|Drama|Romance,34
Western,34
Horror|SciFi,33
Horror|Thriller,32
Adventure|Children's,30
Comedy|Horror,30
Action|SciFi,28
SciFi,27
Crime,26
Action|Adventure,25
Action|Comedy,22
Crime|Thriller,21
Action|Adventure|SciFi,21
Mystery|Thriller,20
Animation|Children's|Musical,19
Drama|Mystery,18
Musical,18
SciFi|Thriller,17
Adventure,17
Comedy|Musical,17
Action|War,15
Action|SciFi|Thriller,14
Comedy|SciFi,14
Action|Crime,14
Action|Drama|War,13
Comedy|Crime,13
Drama|Musical,12
Children's|Drama,12
War,12
Adventure|Children's|Fantasy,11
Action|Adventure|Thriller,11
Drama|SciFi,11
Drama|Horror,11
Horror|SciFi|Thriller,11
Animation|Children's|Comedy,10
Action|Drama|Thriller,10
Adventure|Drama,10
Drama|Romance|War,10
Comedy|Thriller,10
Mystery,10
FilmNoir,10
Comedy|War,9
Crime|Drama|Thriller,8
Adventure|SciFi,8
Comedy|Musical|Romance,8
Action|Crime|Drama,7
Action|Romance|Thriller,7
Comedy|Western,7
Action|Horror|SciFi,7
Action|Adventure|SciFi|Thriller,7
Adventure|Comedy,7
Action|Comedy|Crime|Drama,7
Action|Crime|Thriller,6
Adventure|Children's|Drama,6
FilmNoir|Thriller,6
Drama|Western,6
Adventure|Children's|Comedy,6
Comedy|Fantasy,6
Adventure|Romance,5
Children's,5
Comedy|Mystery,5
Action|Adventure|Comedy,5
Action|Adventure|Fantasy,5
Musical|Romance,5
Romance|Thriller,5
Animation|Comedy,5
Action|Adventure|Drama,5
Action|Horror,5
Drama|Mystery|Romance,4
Children's|Comedy|Fantasy,4
Action|Comedy|Western,4
Action|Adventure|Comedy|Romance,4
Comedy|Crime|Drama,4
Comedy|Drama|War,4
Action|Crime|Romance,4
Documentary|Drama,4
Crime|FilmNoir|Thriller,4
Adventure|War,4
Romance|War,4
Crime|FilmNoir,4
Horror|Mystery|Thriller,4
Comedy|Documentary,4
Action|Adventure|Horror,4
Action|Comedy|Drama,3
Children's|Comedy|Drama,3
Crime|Drama|Romance,3
Action|Adventure|Crime,3
Action|Adventure|Comedy|Crime,3
Action|Children's,3
Action|Crime|SciFi,3
Action|Adventure|Fantasy|SciFi,3
Mystery|Romance|Thriller,3
Dramatic,3
Comedy|Romance|Thriller,3
Animation|Children's|Comedy|Musical,3
Animation|SciFi,3
Action|Mystery|Thriller,3
Adventure|Children's|Fantasy|SciFi,3
Action|Romance,3
Crime|Drama|FilmNoir,3
Action|Horror|SciFi|Thriller,3
FilmNoir|Mystery|Thriller,3
Horror|Romance,3
Crime|Drama|Mystery,3
Drama|SciFi|Thriller,3
Drama|Fantasy,3
Comedy|Crime|Thriller,3
Animation|Musical,3
Comedy|Horror|Thriller,3
Comedy|Drama|Western,3
Adventure|Comedy|SciFi,3
Action|Children's|Fantasy,3
Action|Adventure|Romance,2
Drama|Thriller|War,2
Crime|FilmNoir|Mystery|Thriller,2
Crime|Drama|Romance|Thriller,2
Drama|Mystery|Thriller,2
Action|Comedy|War,2
Children's|Comedy|Musical,2
Dramma,2
Action|Adventure|Mystery,2
Animation,2
Action|Adventure|Romance|Thriller,2
Animation|Comedy|Thriller,2
Action|SciFi|War,2
Children's|Drama|Fantasy,2
Comedy|Mystery|Romance|Thriller,2
FilmNoir|Mystery,2
Children's|Comedy|Western,2
Children's|Comedy|Mystery,2
Adventure|Animation|Children's|Musical,2
Adventure|Children's|Comedy|Fantasy,2
Adventure|Western,2
Action|Western,2
Action|Comedy|Musical,2
Mystery|SciFi,2
Action|Drama|Romance,2
Crime|Drama|SciFi,2
Adventure|Thriller,2
Comedy|Drama|Thriller,2
Drama|Romance|Thriller,2
Adventure|SciFi|Thriller,2
Documentary|Musical,2
Action|Crime|Drama|Thriller,2
Children's|Comedy|SciFi,2
Action|Adventure|Children's|Comedy,2
Adventure|Children's|SciFi,2
Animation|Children's|Comedy|Musical|Romance,2
Children's|Musical,2
Adventure|Fantasy|Romance,2
Crime|Horror,2
Adventure|Fantasy|SciFi,2
Adventure|Animation|Children's,2
Adventure|Drama|Romance,2
Action|Drama|Romance|Thriller,2
Action|Adventure|War,2
Animation|Children's|Musical|Romance,1
Action|Comedy|Crime|Horror|Thriller,1
Adventure|Children's|Comedy|Musical,1
Action|Adventure|Mystery|SciFi,1
Action|Adventure|Drama|Romance,1
Animation|Children's|Comedy|Romance,1
Drama|Fantasy|Romance|Thriller,1
Adventure|Children's|Comedy|Fantasy|Romance,1
Drama|Romance|War|Western,1
Action|Adventure|Western,1
Action|Comedy|Musical|SciFi,1
Comedy|Romance|War,1
Adventure|Children's|Romance,1
Comedy|Crime|Fantasy,1
Action|Adventure|Crime|Thriller,1
Comedy|Mystery|Romance,1
Action|Drama|Mystery,1
Comedy|Crime|Horror,1
FilmNoir|SciFi,1
Action|Adventure|Children's|SciFi,1
Action|Adventure|Animation|Children's|Fantasy,1
Adventure|Drama|Western,1
Action|Adventure|Crime|Drama,1
Action|Adventure|Animation|Horror|SciFi,1
Adventure|Animation|Children's|Comedy|Fantasy,1
Action|Adventure|Comedy|War,1
SciFi|War,1
Comedy|Fantasy|Romance|SciFi,1
Fantasy,1
Adventure|Children's|Drama|Musical,1
Drama|Mystery|SciFi|Thriller,1
FilmNoir|Romance|Thriller,1
Crime|FilmNoir|Mystery,1
Action|Adventure|Romance|War,1
Action|Drama|Western,1
Adventure|Children's|Musical,1
Children's|Drama|Fantasy|SciFi,1
Action|Adventure|Drama|SciFi|War,1
Action|SciFi|Thriller|War,1
Action|Animation|Children's|SciFi|Thriller|War,1
Action|Adventure|Romance|SciFi|War,1
Action|Adventure|Comedy|Horror|SciFi,1
Adventure|Comedy|Drama,1
Action|Adventure|Comedy|Horror,1
Action|Drama|Mystery|Romance|Thriller,1
Comedy|Mystery|Thriller,1
Adventure|Animation|SciFi|Thriller,1
Comedy|Drama|Musical,1
Documentary|War,1
Drama|Musical|War,1
Action|Comedy|SciFi|War,1
Action|Romance|War,1
Action|Drama|Thriller|War,1
Action|Adventure|Children's,1
Action|Adventure|Children's|Fantasy,1
Adventure|Animation|Children's|Comedy|Musical,1
Action|Adventure|Comedy|SciFi,1
Children's|Fantasy,1
Action|Mystery|SciFi|Thriller,1
Action|Mystery|Romance|Thriller,1
Action|Thriller|War,1
Action|Crime|Mystery,1
Crime|Horror|Mystery|Thriller,1
Action|Adventure|SciFi|War,1
Comedy|Crime|Drama|Mystery,1
Comedy|Crime|Mystery|Thriller,1
FilmNoir|SciFi|Thriller,1
Crime|Drama|Mystery|Thriller,1
Action|Drama|SciFi|Thriller,1
Adventure|Animation|Children's|Fantasy,1
Adventure|Comedy|Romance,1
Mystery|SciFi|Thriller,1
Action|Comedy|Crime,1
Animation|Children's|Fantasy|War,1
Comedy|SciFi|Western,1
Children's|Fantasy|Musical,1
Fantasy|SciFi,1
Adventure|Children's|Drama|Romance,1
Adventure|Children's|Comedy|Fantasy|SciFi,1
Animation|Children's|Fantasy|Musical,1
Adventure|Comedy|Musical,1
Children's|SciFi,1
Children's|Horror,1
Comedy|Fantasy|Romance,1
Adventure|Animation|Children's|SciFi,1
Action|Crime|Mystery|Thriller,1
Adventure|Musical,1
Animation|Children's|Drama|Fantasy,1
Children's|Fantasy|SciFi,1
Drama|FilmNoir|Thriller,1
Action|Comedy|Fantasy,1
SciFi|Thriller|War,1
Action|Adventure|SciFi|Thriller|War,1
Action|Adventure|Drama|Thriller,1
Crime|Horror|Thriller,1
Action|Comedy|Romance|Thriller,1
Drama|Horror|Thriller,1
Action|SciFi|Thriller|Western,1
Drama|Romance|SciFi,1
Action|Adventure|Horror|Thriller,1
Comedy|FilmNoir|Thriller,1
Comedy|Horror|Musical|SciFi,1
Comedy|Romance|SciFi,1
Action|Comedy|SciFi|Thriller,1
Action|SciFi|Western,1
Comedy|Horror|Musical,1
Crime|Mystery,1
Animation|Mystery,1
Action|Horror|Thriller,1
Action|Drama|Fantasy|Romance,1
Horror|Mystery,1
Musical|Romance|War,1
Adventure|Animation|FilmNoir,1
Action|Adventure|Animation,1
Drama|Romance|Western,1
Comedy|Drama|SciFi,1
Adventure|Romance|SciFi,1
FilmNoir|Horror,1
Crime|Drama|FilmNoir|Thriller,1
Romance|Western,1
Adventure|Drama|Thriller,1
Adventure|Fantasy,1
Musical|War,1
Adventure|Musical|Romance,1
Action|Romance|SciFi,1
Drama|FilmNoir,1
Comedy|Horror|SciFi,1
Adventure|Drama|Romance|SciFi,1
Adventure|Animation|SciFi,1
Adventure|Crime|SciFi|Thriller,1
Comedy||Horror,1
